<!DOCTYPE mapper
        PUBLIC "-//mybatis.org//DTD Mapper 3.0//EN"
        "http://mybatis.org/dtd/mybatis-3-mapper.dtd">
<mapper namespace="com.bruceliu.mapper.EmpMapper">

    <select id="login" resultType="com.bruceliu.pojo.Emp">
        SELECT * FROM t_emp where no=#{no} and pass=#{pass} and del=0
    </select>

    <insert id="addEmp">
        INSERT  into t_emp VALUES (null,#{no},'888888',#{name},#{did},1,#{sex},#{email},#{qq},#{phone},#{createdate},#{photo},0)
    </insert>

    <select id="getTotalCount" resultType="int">
        SELECT COUNT(id) FROM t_emp where del=0
    </select>
    
    <select id="getEmps" resultMap="EmpMap">
        SELECT E.*,D.name as 'dname' FROM t_emp E INNER JOIN t_depart D ON E.did = D.id where E.del=0 limit #{pageStart},#{pageSize}
    </select>
    
    <resultMap id="EmpMap" type="Emp">
        <id column="id" property="id"/>
        <result column="no" property="no"/>
        <result column="name" property="name"/>
        <result column="pass" property="pass"/>
        <result column="sex" property="sex"/>
        <result column="qq" property="qq"/>
        <result column="email" property="email"/>
        <result column="createdate" property="createdate"/>
        <result column="phone" property="phone"/>
        <result column="photo" property="photo"/>
        <association property="depart" javaType="Depart">
            <!--关联查询部门名-->
            <result column="dname" property="name"/>
        </association>

    </resultMap>

    <select id="getEmpsTongji" resultType="com.bruceliu.utils.TongJi">
         SELECT count(t_emp.id) as 'value',t_depart.name from t_emp INNER JOIN t_depart ON t_emp.did=t_depart.id GROUP BY t_depart.name
    </select>

</mapper>