<!DOCTYPE mapper
        PUBLIC "-//mybatis.org//DTD Mapper 3.0//EN"
        "http://mybatis.org/dtd/mybatis-3-mapper.dtd">
<mapper namespace="com.bruceliu.mapper.StudentMapper">

    <select id="getTotalCount" resultType="int">
        SELECT count(id) FROM t_student WHERE del=0
        <if test="name!=null and name!=''">
            and name like #{name}
        </if>
        <if test="classId!=0">
            and class_id=#{classId}
        </if>
    </select>


    <select id="getStudents" resultMap="StuentMap">
        SELECT S.*,C.class_name FROM t_student S INNER JOIN t_class C on S.class_id=C.id where S.del=0
        <if test="name!=null and name!=''">
            and S.name like #{name}
        </if>
        <if test="classId!=0">
            and S.class_id=#{classId}
        </if>
        limit #{pageStart},#{pageSize}
    </select>
    
    <resultMap id="StuentMap" type="Student">
        <id column="id" property="id"/>
        <result column="name" property="name"/>
        <result column="sex" property="sex"/>
        <result column="email" property="email"/>
        <result column="phone" property="phone"/>
        <association property="c" javaType="com.bruceliu.pojo.Class">
            <result column="class_name" property="className"/>
        </association>
    </resultMap>

</mapper>