<?xml version="1.0" encoding="UTF-8"?>
<beans xmlns="http://www.springframework.org/schema/beans"
       xmlns:xsi="http://www.w3.org/2001/XMLSchema-instance"
       xmlns:context="http://www.springframework.org/schema/context"
       xmlns:mvc="http://www.springframework.org/schema/mvc"
       xsi:schemaLocation="http://www.springframework.org/schema/beans http://www.springframework.org/schema/beans/spring-beans.xsd http://www.springframework.org/schema/context http://www.springframework.org/schema/context/spring-context.xsd http://www.springframework.org/schema/mvc http://www.springframework.org/schema/mvc/spring-mvc.xsd">

    <!--扫描包  SpringMvc扫描控制层-->
    <context:component-scan base-package="com.bruceliu.controller"/>


    <!--配置JSP的视图解析器-->
    <bean class="org.springframework.web.servlet.view.InternalResourceViewResolver">
        <!--前缀-->
        <property name="prefix" value="/WEB-INF/jsp/"/>
        <!--后缀-->
        <property name="suffix" value=".jsp"/>
    </bean>


    <!--还可以其他的配置....-->

    <!--后期再讲，默认向SpringMvc中注入了一些组件!!!-->
    <mvc:annotation-driven>

        <!--注册FastJSON-->
        <mvc:message-converters register-defaults="true">
            <bean class="org.springframework.http.converter.StringHttpMessageConverter">
                <constructor-arg value="UTF-8" />
            </bean>
            <bean class="com.alibaba.fastjson.support.spring.FastJsonHttpMessageConverter">
                <property name="supportedMediaTypes" value="text/html;charset=UTF-8"/>
                <property name="features">
                    <array>
                        <value>WriteMapNullValue</value>
                        <value>WriteNullStringAsEmpty</value>
                    </array>
                </property>
            </bean>
        </mvc:message-converters>

    </mvc:annotation-driven>

    <!--SpringMvc放行静态资源  css .jpg js..-->
    <mvc:default-servlet-handler/>


</beans>